<?xml version="1.0" encoding="UTF-8"?>
<openerp>
	<data>

<!--         <record id="view_move_line_tree_inherit_bank" model="ir.ui.view">
            <field name="name">account.move.line.tree.inherit.bank.voucher</field>
            <field name="model">account.move.line</field>
            <field name="inherit_id" ref="account.view_move_line_tree"/>
            <field name="arch" type="xml">
	            <field name="reconcile" position="before">
	                <field name="reconcile_partial_id"/>
	            </field>
            </field>
        </record>     -->                

        <record id="view_bank_voucher_statement_form" model="ir.ui.view">
            <field name="name">account.bank.vocuher.statement.form.inherit.voucher</field>
            <field name="model">account.bank.statement</field>
            <field name="inherit_id" ref="account.view_bank_statement_form"/>
            <field name="arch" type="xml">
                <div name="import_buttons">
                    <button class="oe_inline oe_stat_button" context="{'default_journal_id': journal_id}" name="%(action_voucher_populate_statement)d" string="Import Vouchers" type="action" attrs="{'invisible':[('state','=','confirm')]}" widget="statinfo" icon="fa-pencil-square-o"/>
                </div>
                <xpath expr="//field[@name='bank_account_id']" position="before">
                    <field name="voucher_id"/>
                </xpath>
            </field>
        </record>
        
        <record id="view_bank_voucher_statement_form2" model="ir.ui.view">
            <field name="name">account.bank.vocuher.statement.form.inherit.voucher2</field>
            <field name="model">account.bank.statement</field>
            <field name="inherit_id" ref="account.view_bank_statement_form2"/>
            <field name="arch" type="xml">
                <label for="name" position="before">
                    <div class="oe_right oe_button_box" name="import_buttons">
                        <button class="oe_inline oe_stat_button" name="%(action_voucher_populate_statement)d" string="Import Vouchers" type="action" attrs="{'invisible':[('state','=','confirm')]}" widget="statinfo" icon="fa-pencil-square-o"/>
                    </div>
                </label>
            </field>
        </record>
        
<!--    		<record model='ir.ui.view' id='voucher_form_view_inherit_bank'>
			<field name='name'>account.voucher.form.inherit.bank</field>
			<field name='model'>account.voucher</field>
			<field name='inherit_id' ref='account_voucher.view_voucher_form'/>
			<field name='arch' type='xml'>
                <xpath expr="//notebook" position="inside">
                	<page string="Bank Statements">
                    	<field name="bank_statement_line_ids"/>
                    </page>
                </xpath>
			</field>
		</record> -->
        
	</data>
</openerp>
